{
	"info": {
		"_postman_id": "2a24737d-9e18-44ec-857a-ad23e3eedca2",
		"name": "ecommerce",
		"schema": "https://schema.getpostman.com/json/collection/v2.1.0/collection.json"
	},
	"item": [
		{
			"name": "Product",
			"item": [
				{
					"name": "Add a new Product",
					"request": {
						"method": "POST",
						"header": [],
						"body": {
							"mode": "raw",
							"raw": "{\r\n\"productname\":\"2021 Apple TV 4K (32GB) 2nd Generation\",\r\n\"brandname\": \"Android\",\r\n\"image\" : \"watch.jpg\",\r\n\"pricing\" : \"300.0\",\r\n\"shippingcost\" : \"40.0\",\r\n\"description\" : \"ok\"\r\n}",
							"options": {
								"raw": {
									"language": "json"
								}
							}
						},
						"url": {
							"raw": "{{baseUrl}}/product",
							"host": [
								"{{baseUrl}}"
							],
							"path": [
								"product"
							]
						}
					},
					"response": []
				},
				{
					"name": "Get All the Product",
					"request": {
						"method": "GET",
						"header": [],
						"url": {
							"raw": "{{baseUrl}}/product",
							"host": [
								"{{baseUrl}}"
							],
							"path": [
								"product"
							]
						}
					},
					"response": []
				},
				{
					"name": "Get Product By Id",
					"request": {
						"method": "GET",
						"header": [],
						"url": {
							"raw": "{{baseUrl}}/product/467146a0-0016-434e-b1f8-2690358ade86",
							"host": [
								"{{baseUrl}}"
							],
							"path": [
								"product",
								"467146a0-0016-434e-b1f8-2690358ade86"
							]
						}
					},
					"response": []
				},
				{
					"name": "Update Product Record",
					"request": {
						"method": "PUT",
						"header": [],
						"body": {
							"mode": "raw",
							"raw": "{\r\n\"productname\":\"2021 Apple TV 4K (32GB) 2nd Generation\",\r\n\"brandname\": \"Android\",\r\n\"image\" : \"tunner.jpg\",\r\n\"pricing\" : \"300.0\",\r\n\"shippingcost\" : \"40.0\",\r\n\"description\" : \"ok\"\r\n}",
							"options": {
								"raw": {
									"language": "json"
								}
							}
						},
						"url": {
							"raw": "{{baseUrl}}/product/467146a0-0016-434e-b1f8-2690358ade86",
							"host": [
								"{{baseUrl}}"
							],
							"path": [
								"product",
								"467146a0-0016-434e-b1f8-2690358ade86"
							]
						}
					},
					"response": []
				},
				{
					"name": "Delete A Product",
					"request": {
						"method": "DELETE",
						"header": [],
						"url": {
							"raw": "{{baseUrl}}/product/467146a0-0016-434e-b1f8-2690358ade86",
							"host": [
								"{{baseUrl}}"
							],
							"path": [
								"product",
								"467146a0-0016-434e-b1f8-2690358ade86"
							]
						}
					},
					"response": []
				}
			],
			"event": [
				{
					"listen": "prerequest",
					"script": {
						"type": "text/javascript",
						"exec": [
							""
						]
					}
				},
				{
					"listen": "test",
					"script": {
						"type": "text/javascript",
						"exec": [
							"pm.variables.get(\"variable_key\");"
						]
					}
				}
			]
		},
		{
			"name": "Cart",
			"item": [
				{
					"name": "Add Cart and Quantity",
					"request": {
						"method": "POST",
						"header": [],
						"body": {
							"mode": "raw",
							"raw": "{\r\n\"userid\" : \"ab63f759-9218-4165-ba5b-1db90fa21ecd\",\r\n\"quantity\" : 3\r\n}\r\n",
							"options": {
								"raw": {
									"language": "json"
								}
							}
						},
						"url": {
							"raw": "{{baseUrl}}/cart",
							"host": [
								"{{baseUrl}}"
							],
							"path": [
								"cart"
							]
						}
					},
					"response": []
				},
				{
					"name": "Update Cart and quantity",
					"request": {
						"method": "PUT",
						"header": [],
						"body": {
							"mode": "raw",
							"raw": "{\r\n\"userid\" : \"cd63f759-9218-4165-ba5b-1db90fa21ecd\",\r\n\"quantity\" : 3\r\n}",
							"options": {
								"raw": {
									"language": "json"
								}
							}
						},
						"url": {
							"raw": "{{baseUrl}}/cart/bc350915-56d2-4dd1-ae35-3049df5381b5",
							"host": [
								"{{baseUrl}}"
							],
							"path": [
								"cart",
								"bc350915-56d2-4dd1-ae35-3049df5381b5"
							]
						}
					},
					"response": []
				},
				{
					"name": "Delete Cart By Id",
					"request": {
						"method": "DELETE",
						"header": [],
						"url": {
							"raw": "{{baseUrl}}/cart/2eddd32d-c6c7-4d33-b398-8ef9a16f364e",
							"host": [
								"{{baseUrl}}"
							],
							"path": [
								"cart",
								"2eddd32d-c6c7-4d33-b398-8ef9a16f364e"
							]
						}
					},
					"response": []
				},
				{
					"name": "Get the Cart and quantity with Id",
					"request": {
						"method": "GET",
						"header": [],
						"url": {
							"raw": "{{baseUrl}}/cart/cbe38783-a26f-48e2-a488-62a2a6601e1d",
							"host": [
								"{{baseUrl}}"
							],
							"path": [
								"cart",
								"cbe38783-a26f-48e2-a488-62a2a6601e1d"
							]
						}
					},
					"response": []
				},
				{
					"name": "Get All the Carts",
					"request": {
						"method": "GET",
						"header": [],
						"url": {
							"raw": "{{baseUrl}}/cart",
							"host": [
								"{{baseUrl}}"
							],
							"path": [
								"cart"
							]
						}
					},
					"response": []
				}
			]
		},
		{
			"name": "Cart Products",
			"item": [
				{
					"name": "Add Cart Products",
					"request": {
						"method": "POST",
						"header": [],
						"body": {
							"mode": "raw",
							"raw": "{\r\n\"cartid\" : \"bc350915-56d2-4dd1-ae35-3049df5381b5\",\r\n\"productid\" : \"82ea3150-3843-4d1c-8736-de0ad1cf7742\"\r\n}",
							"options": {
								"raw": {
									"language": "json"
								}
							}
						},
						"url": {
							"raw": "{{baseUrl}}/cartproduct",
							"host": [
								"{{baseUrl}}"
							],
							"path": [
								"cartproduct"
							]
						}
					},
					"response": []
				},
				{
					"name": "Edit Cart Products",
					"request": {
						"method": "PUT",
						"header": [],
						"body": {
							"mode": "raw",
							"raw": "{\r\n\"cartid\" : \"bc350915-56d2-4dd1-ae35-3049df5381b5\",\r\n\"productid\" : \"82ea3150-3843-4d1c-8736-de0ad1cf7742\"\r\n}",
							"options": {
								"raw": {
									"language": "json"
								}
							}
						},
						"url": {
							"raw": "{{baseUrl}}/cartproduct/acbd1a69-3785-492f-a5dc-618f281c2a22",
							"host": [
								"{{baseUrl}}"
							],
							"path": [
								"cartproduct",
								"acbd1a69-3785-492f-a5dc-618f281c2a22"
							]
						}
					},
					"response": []
				},
				{
					"name": "Delete Cart Product By Id",
					"request": {
						"method": "DELETE",
						"header": [],
						"url": {
							"raw": "{{baseUrl}}/cartproduct/acbd1a69-3785-492f-a5dc-618f281c2a22",
							"host": [
								"{{baseUrl}}"
							],
							"path": [
								"cartproduct",
								"acbd1a69-3785-492f-a5dc-618f281c2a22"
							]
						}
					},
					"response": []
				},
				{
					"name": "Get Cart Product By Id",
					"request": {
						"method": "GET",
						"header": [],
						"url": {
							"raw": "{{baseUrl}}/cartproduct/acbd1a69-3785-492f-a5dc-618f281c2a22",
							"host": [
								"{{baseUrl}}"
							],
							"path": [
								"cartproduct",
								"acbd1a69-3785-492f-a5dc-618f281c2a22"
							]
						}
					},
					"response": []
				},
				{
					"name": "Get Cart Products",
					"request": {
						"method": "GET",
						"header": [],
						"url": {
							"raw": "{{baseUrl}}/cartproduct",
							"host": [
								"{{baseUrl}}"
							],
							"path": [
								"cartproduct"
							]
						}
					},
					"response": []
				}
			]
		},
		{
			"name": "Comment",
			"item": [
				{
					"name": "Get the comments of perticular product",
					"request": {
						"method": "GET",
						"header": [
							{
								"key": "id",
								"value": "1",
								"type": "text"
							}
						],
						"url": {
							"raw": "{{baseUrl}}/comment/652f6e7a-8eeb-4b4f-8437-10e963329290",
							"host": [
								"{{baseUrl}}"
							],
							"path": [
								"comment",
								"652f6e7a-8eeb-4b4f-8437-10e963329290"
							]
						}
					},
					"response": []
				},
				{
					"name": "Get All the Comments",
					"request": {
						"method": "GET",
						"header": [],
						"url": {
							"raw": "{{baseUrl}}/comment",
							"host": [
								"{{baseUrl}}"
							],
							"path": [
								"comment"
							]
						}
					},
					"response": []
				},
				{
					"name": "Add comment to Product",
					"request": {
						"method": "POST",
						"header": [],
						"body": {
							"mode": "raw",
							"raw": "{\r\n    \"userid\": \"6188a11e93dba6476e3bf8db\",\r\n    \"productid\": \"61888a432c7a5d671e9547e7\",\r\n    \"rating\": \"5\",\r\n    \"image\": \"goodcond.jpg\",\r\n    \"comment\": \"very good condition\"\r\n}",
							"options": {
								"raw": {
									"language": "json"
								}
							}
						},
						"url": {
							"raw": "{{baseUrl}}/comment",
							"host": [
								"{{baseUrl}}"
							],
							"path": [
								"comment"
							]
						}
					},
					"response": []
				},
				{
					"name": "Update Comment of a Perticular Product",
					"request": {
						"method": "PUT",
						"header": [],
						"body": {
							"mode": "raw",
							"raw": "{\r\n    \"userid\": \"6188a11e93dba6476e3bf8db\",\r\n    \"productid\": \"61888a432c7a5d671e9547e7\",\r\n    \"rating\": \"6\",\r\n    \"image\": \"goodcond.jpg\",\r\n    \"comment\": \"very good condition\"\r\n}",
							"options": {
								"raw": {
									"language": "json"
								}
							}
						},
						"url": {
							"raw": "{{baseUrl}}/comment/652f6e7a-8eeb-4b4f-8437-10e963329290",
							"host": [
								"{{baseUrl}}"
							],
							"path": [
								"comment",
								"652f6e7a-8eeb-4b4f-8437-10e963329290"
							]
						}
					},
					"response": []
				},
				{
					"name": "Delete Product Comment",
					"request": {
						"method": "DELETE",
						"header": [],
						"url": {
							"raw": "{{baseUrl}}/comment/652f6e7a-8eeb-4b4f-8437-10e963329290",
							"host": [
								"{{baseUrl}}"
							],
							"path": [
								"comment",
								"652f6e7a-8eeb-4b4f-8437-10e963329290"
							]
						}
					},
					"response": []
				}
			]
		},
		{
			"name": "User",
			"item": [
				{
					"name": "Get All the Users from Database",
					"protocolProfileBehavior": {
						"disableBodyPruning": true
					},
					"request": {
						"method": "GET",
						"header": [],
						"body": {
							"mode": "raw",
							"raw": "",
							"options": {
								"raw": {
									"language": "json"
								}
							}
						},
						"url": {
							"raw": "{{baseUrl}}/user",
							"host": [
								"{{baseUrl}}"
							],
							"path": [
								"user"
							]
						}
					},
					"response": []
				},
				{
					"name": "Get the User By Id",
					"protocolProfileBehavior": {
						"disableBodyPruning": true
					},
					"request": {
						"method": "GET",
						"header": [],
						"body": {
							"mode": "raw",
							"raw": "id:1\r\nfirstname:Riya\r\nlastname:Kour\r\nusername:riya@@\r\nemail:riya@@gmail.com\r\nshipping_address:Brampton\r\npassword:2234`"
						},
						"url": {
							"raw": "{{baseUrl}}/user/80ffb767-b225-4712-9b4d-983af0aea330",
							"host": [
								"{{baseUrl}}"
							],
							"path": [
								"user",
								"80ffb767-b225-4712-9b4d-983af0aea330"
							]
						}
					},
					"response": []
				},
				{
					"name": "Add the User Account",
					"request": {
						"method": "POST",
						"header": [],
						"body": {
							"mode": "raw",
							"raw": "{\r\n        \"firstname\": \"Annie\",\r\n        \"lastname\": \"Kaur\",\r\n        \"username\": \"annie.kaur\",\r\n        \"email\": \"aniieegmail.com\",\r\n        \"shipping_address\": \"Brampton\",\r\n        \"password\": \"****\"\r\n}",
							"options": {
								"raw": {
									"language": "json"
								}
							}
						},
						"url": {
							"raw": "{{baseUrl}}/user",
							"host": [
								"{{baseUrl}}"
							],
							"path": [
								"user"
							]
						}
					},
					"response": []
				},
				{
					"name": "Update Existing User Address or Other Information",
					"request": {
						"method": "PUT",
						"header": [],
						"body": {
							"mode": "raw",
							"raw": "{\r\n        \"firstname\": \"Anu\",\r\n        \"lastname\": \"Bala\",\r\n        \"username\": \"annie.kaur\",\r\n        \"email\": \"aniieegmail.com\",\r\n        \"shipping_address\": \"Brampton\",\r\n        \"password\": \"1234\"\r\n}",
							"options": {
								"raw": {
									"language": "json"
								}
							}
						},
						"url": {
							"raw": "{{baseUrl}}/user/80ffb767-b225-4712-9b4d-983af0aea330",
							"host": [
								"{{baseUrl}}"
							],
							"path": [
								"user",
								"80ffb767-b225-4712-9b4d-983af0aea330"
							]
						}
					},
					"response": []
				},
				{
					"name": "Delete User Account",
					"request": {
						"method": "DELETE",
						"header": [],
						"url": {
							"raw": "{{baseUrl}}/user/80ffb767-b225-4712-9b4d-983af0aea330",
							"host": [
								"{{baseUrl}}"
							],
							"path": [
								"user",
								"80ffb767-b225-4712-9b4d-983af0aea330"
							]
						}
					},
					"response": []
				}
			]
		},
		{
			"name": "ProductHistory",
			"item": [
				{
					"name": "Get All the purchased products of the user",
					"request": {
						"method": "GET",
						"header": [],
						"url": {
							"raw": "{{baseUrl}}/product_history",
							"host": [
								"{{baseUrl}}"
							],
							"path": [
								"product_history"
							]
						}
					},
					"response": []
				},
				{
					"name": "Get All the Products History(For All Users)",
					"request": {
						"method": "GET",
						"header": [],
						"url": {
							"raw": "{{baseUrl}}/product_history",
							"host": [
								"{{baseUrl}}"
							],
							"path": [
								"product_history"
							]
						}
					},
					"response": []
				},
				{
					"name": "Create the Product History",
					"request": {
						"method": "POST",
						"header": [],
						"body": {
							"mode": "raw",
							"raw": "{\r\n    \"productid\" : \"61888a432c7a5d671e9547e7\",\r\n    \"userid\" : \"6188a11e93dba6476e3bf8db\",\r\n    \"brand\" : \"Apple\",\r\n    \"productname\" : \"HP Chromebook 14-inch (35.56 cms) Thin & Light Touchscreen Laptop (Celeron N4020/4GB/64GB eMMC + 256GB Expandable Storage/Chrome OS/1.46 kgs Light/ Mineral Silver), 14a-na0003TU\"\r\n}",
							"options": {
								"raw": {
									"language": "json"
								}
							}
						},
						"url": {
							"raw": "{{baseUrl}}/product_history",
							"host": [
								"{{baseUrl}}"
							],
							"path": [
								"product_history"
							]
						}
					},
					"response": []
				}
			]
		}
	]
}