{
	"info": {
		"_postman_id": "962e7602-f751-44b1-b5e5-0bc356be96d0",
		"name": "dotnet",
		"schema": "https://schema.getpostman.com/json/collection/v2.1.0/collection.json"
	},
	"item": [
		{
			"name": "Getting all values",
			"request": {
				"method": "GET",
				"header": [],
				"url": {
					"raw": "{{baseUrl}}",
					"host": [
						"{{baseUrl}}"
					]
				}
			},
			"response": []
		},
		{
			"name": "Adding products",
			"request": {
				"method": "POST",
				"header": [],
				"body": {
					"mode": "raw",
					"raw": "{\r\n    \"name\": \"Satveer Singh bhogal fourone\",\r\n    \"description\": \"this is a product\",\r\n    \"image\": \"tvs.jpeg\",\r\n    \"price\": 20.0\r\n}",
					"options": {
						"raw": {
							"language": "json"
						}
					}
				},
				"url": {
					"raw": "{{baseUrl}}",
					"host": [
						"{{baseUrl}}"
					]
				}
			},
			"response": []
		},
		{
			"name": "Deleting Product",
			"request": {
				"method": "DELETE",
				"header": [],
				"url": {
					"raw": "{{baseUrl}}9b0307ea-a7a8-47a3-88b7-37052d5a7efb",
					"host": [
						"{{baseUrl}}9b0307ea-a7a8-47a3-88b7-37052d5a7efb"
					]
				}
			},
			"response": []
		},
		{
			"name": "New Request",
			"request": {
				"method": "PATCH",
				"header": [],
				"body": {
					"mode": "raw",
					"raw": "{\r\n    \"name\": \"Satveer Singh bhogal\",\r\n    \"description\": \"this is a product\",\r\n    \"image\": \"tvs.jpeg\",\r\n    \"price\": 20.0\r\n}",
					"options": {
						"raw": {
							"language": "json"
						}
					}
				},
				"url": {
					"raw": "{{baseUrl}}e0445bdc-3142-4d33-a109-d9a07b646ea8",
					"host": [
						"{{baseUrl}}e0445bdc-3142-4d33-a109-d9a07b646ea8"
					]
				}
			},
			"response": []
		}
	],
	"event": [
		{
			"listen": "prerequest",
			"script": {
				"type": "text/javascript",
				"exec": [
					""
				]
			}
		},
		{
			"listen": "test",
			"script": {
				"type": "text/javascript",
				"exec": [
					""
				]
			}
		}
	],
	"variable": [
		{
			"key": "baseUrl",
			"value": "https://localhost:44312/api/product/"
		}
	]
}